City_ID,City,Country,Date,Lat,Lng,Max Temp,Humidity,Cloudiness,Wind Speed
0,Albany,US,2021-11-07 19:37:04,42.6001,-73.9662,56.75,46,1,1.68
1,Nishihara,JP,2021-11-07 19:42:01,26.1842,127.7558,73.45,76,20,8.05
2,Ushuaia,AR,2021-11-07 19:42:01,-54.8,-68.3,47.86,61,40,19.57
3,Yabucoa,PR,2021-11-07 19:42:02,18.0505,-65.8793,87.69,79,21,6.26
4,Ribeira Grande,PT,2021-11-07 19:42:02,38.5167,-28.7,70.2,88,75,20.71
5,Hilo,US,2021-11-07 19:42:03,19.7297,-155.09,91.27,84,75,4.61
6,Ketchikan,US,2021-11-07 19:42:03,55.3422,-131.6461,39.67,93,75,0.0
7,Xingyi,CN,2021-11-07 19:42:04,24.1877,102.817,48.69,90,97,5.91
8,Hobart,AU,2021-11-07 19:37:34,-42.8794,147.3294,51.12,83,90,0.0
9,Punta Arenas,CL,2021-11-07 19:40:11,-53.15,-70.9167,53.71,43,20,27.63
10,Ganzhou,CN,2021-11-07 19:42:04,28.8184,115.4327,42.15,53,50,6.87
11,Norman Wells,CA,2021-11-07 19:41:39,65.282,-126.8329,14.04,92,90,16.11
12,Ust-Nera,RU,2021-11-07 19:42:04,64.5667,143.2,-6.43,99,100,4.65
13,Ponta Do Sol,PT,2021-11-07 19:42:04,32.6667,-17.1,66.83,65,4,6.71
14,Ambulu,ID,2021-11-07 19:42:05,-8.345,113.6058,76.6,89,100,2.86
15,Kaeo,NZ,2021-11-07 19:42:05,-35.1,173.7833,61.32,94,13,1.05
16,Bluff,NZ,2021-11-07 19:41:32,-46.6,168.3333,51.8,80,70,4.79
17,Portland,US,2021-11-07 19:40:03,45.5234,-122.6762,50.2,85,75,3.0
18,Pacific Grove,US,2021-11-07 19:41:21,36.6177,-121.9166,63.77,61,1,7.0
19,Imbituba,BR,2021-11-07 19:42:05,-28.24,-48.6703,70.83,68,66,7.74
20,Slave Lake,CA,2021-11-07 19:42:06,55.2834,-114.769,35.58,69,1,2.3
21,Severo-Kurilsk,RU,2021-11-07 19:42:06,50.6789,156.125,35.26,63,88,21.39
22,Port Alfred,ZA,2021-11-07 19:42:06,-33.5906,26.891,64.89,85,100,7.7
23,Kapaa,US,2021-11-07 19:42:06,22.0752,-159.319,80.58,74,40,3.0
24,Urucui,BR,2021-11-07 19:42:07,-7.2294,-44.5561,80.53,67,82,5.82
25,Boyolangu,ID,2021-11-07 19:42:07,-8.1181,111.8935,76.69,90,100,1.07
26,Chitral,PK,2021-11-07 19:42:07,35.8462,71.7858,44.11,42,4,6.51
27,San Rafael,AR,2021-11-07 19:39:04,-34.6177,-68.3301,80.91,16,96,12.15
28,Ipora,BR,2021-11-07 19:42:08,-16.4419,-51.1178,89.89,38,75,5.91
29,Mataura,NZ,2021-11-07 19:42:08,-46.1927,168.8643,51.48,65,69,1.61
30,Moree,AU,2021-11-07 19:42:08,-29.4667,149.85,68.02,94,90,5.75
31,Saint George,US,2021-11-07 19:42:09,37.1041,-113.5841,76.42,28,1,1.01
32,Tuktoyaktuk,CA,2021-11-07 19:42:09,69.4541,-133.0374,19.4,79,90,5.75
33,Shimoda,JP,2021-11-07 19:42:09,34.6667,138.95,64.51,77,75,16.13
34,Jamestown,US,2021-11-07 19:37:15,42.097,-79.2353,58.32,44,1,6.91
35,Tuatapere,NZ,2021-11-07 19:42:09,-46.1333,167.6833,51.82,62,58,3.29
36,Bethel,US,2021-11-07 19:42:10,41.3712,-73.414,57.09,44,1,4.61
37,Blythe,US,2021-11-07 19:42:10,33.6103,-114.5964,79.25,24,1,6.91
38,Aksu,CN,2021-11-07 19:42:10,41.1231,80.2644,29.5,31,0,1.97
39,Les Cayes,HT,2021-11-07 19:42:10,18.2,-73.75,84.02,68,95,8.68
40,Rikitea,PF,2021-11-07 19:42:11,-23.1203,-134.9692,75.54,81,99,17.4
41,Busselton,AU,2021-11-07 19:42:11,-33.65,115.3333,51.04,87,100,10.6
42,Cherskiy,RU,2021-11-07 19:42:11,68.75,161.3,8.74,98,100,3.06
43,Marzuq,YE,2021-11-07 19:42:12,14.4,46.4667,69.82,30,0,2.57
44,Kavieng,PG,2021-11-07 19:43:12,-2.5744,150.7967,82.87,77,27,14.79
45,Katsuura,JP,2021-11-07 19:43:12,35.1333,140.3,58.1,68,0,16.46
46,Provideniya,RU,2021-11-07 19:43:12,64.3833,-173.3,12.97,93,47,5.03
47,Mustasaari,FI,2021-11-07 19:42:55,63.1142,21.6822,34.9,86,90,8.05
48,Mapiripan,CO,2021-11-07 19:43:13,2.8892,-72.1256,84.49,70,98,4.92
49,Torbay,CA,2021-11-07 19:40:06,47.6666,-52.7314,49.57,78,75,19.57
50,Saint-Philippe,RE,2021-11-07 19:43:13,-21.3585,55.7679,74.79,82,62,9.24
51,Korla,CN,2021-11-07 19:43:13,41.7597,86.1469,27.28,37,0,4.12
52,Banfora,BF,2021-11-07 19:43:13,10.6333,-4.7667,85.91,36,31,1.72
53,Thompson,CA,2021-11-07 19:43:14,55.7435,-97.8558,41.16,75,40,9.22
54,New Norfolk,AU,2021-11-07 19:43:14,-42.7826,147.0587,49.87,69,64,1.77
55,Tecpan,GT,2021-11-07 19:43:14,14.7623,-90.9947,68.76,62,99,4.5
56,Kilindoni,TZ,2021-11-07 19:43:14,-7.9139,39.6668,79.25,72,100,12.26
57,Khadki,IN,2021-11-07 19:43:15,18.5667,73.8667,70.84,47,100,5.48
58,Kotovo,RU,2021-11-07 19:43:15,50.3211,44.8012,39.9,87,4,4.21
59,Ahipara,NZ,2021-11-07 19:43:15,-35.1667,173.1667,64.27,79,5,2.59
60,San Policarpo,PH,2021-11-07 19:43:15,12.1791,125.5072,80.78,84,100,9.08
61,Fortuna,US,2021-11-07 19:43:16,40.5982,-124.1573,58.93,71,1,3.0
62,Kloulklubed,PW,2021-11-07 19:43:16,7.0419,134.2556,79.3,75,74,12.46
63,Presidencia Roque Saenz Pena,AR,2021-11-07 19:43:16,-26.7852,-60.4388,74.21,65,100,4.29
64,Fort Nelson,CA,2021-11-07 19:43:16,58.8053,-122.7002,26.19,93,90,5.75
65,Chumikan,RU,2021-11-07 19:43:17,54.7183,135.315,21.0,62,0,20.02
66,Khorixas,NA,2021-11-07 19:43:17,-20.3667,14.9667,67.26,29,98,11.92
67,Moron,AR,2021-11-07 19:39:12,-34.6534,-58.6198,76.01,54,77,3.0
68,Aasiaat,GL,2021-11-07 19:43:17,68.7098,-52.8699,14.83,93,100,5.93
69,Lata,PT,2021-11-07 19:43:17,40.1629,-8.3327,53.82,65,6,4.09
70,Avarua,CK,2021-11-07 19:40:13,-21.2078,-159.775,75.25,64,98,12.66
71,Bad Doberan,DE,2021-11-07 19:43:18,54.1071,11.9005,47.98,93,99,3.0
72,Sur,OM,2021-11-07 19:39:36,22.5667,59.5289,75.79,57,0,3.44
73,Sitka,US,2021-11-07 19:43:18,57.0531,-135.33,40.89,65,40,5.75
74,Poltavka,RU,2021-11-07 19:43:18,54.3663,71.7632,35.38,30,100,17.74
75,Codrington,AU,2021-11-07 19:43:18,-38.2667,141.9667,48.13,72,86,3.65
76,Yatou,CN,2021-11-07 19:43:19,37.15,122.3833,40.44,79,89,22.93
77,Port Elizabeth,ZA,2021-11-07 19:40:13,-33.918,25.5701,61.09,88,90,4.61
78,Arauca,CO,2021-11-07 19:43:19,7.0847,-70.7591,87.6,62,99,6.64
79,Touros,BR,2021-11-07 19:43:19,-5.1989,-35.4608,86.9,71,8,13.13
80,Hithadhoo,MV,2021-11-07 19:43:20,-0.6,73.0833,82.22,73,97,12.59
81,Kodiak,US,2021-11-07 19:43:20,57.79,-152.4072,45.91,36,20,6.91
82,Barstow,US,2021-11-07 19:43:20,34.8986,-117.0228,78.48,23,0,9.22
83,Ilulissat,GL,2021-11-07 19:42:51,69.2167,-51.1,19.42,63,100,17.27
84,Dikson,RU,2021-11-07 19:43:20,73.5069,80.5464,10.4,97,94,3.11
85,Bambous Virieux,MU,2021-11-07 19:43:21,-20.3428,57.7575,77.25,78,40,9.22
86,Cedar City,US,2021-11-07 19:43:21,37.6775,-113.0619,63.57,20,1,26.46
87,Saskylakh,RU,2021-11-07 19:43:21,71.9167,114.0833,10.85,91,100,12.37
88,Shakawe,BW,2021-11-07 19:43:21,-18.3667,21.85,84.06,28,92,0.47
89,Qaanaaq,GL,2021-11-07 19:43:22,77.484,-69.3632,4.37,70,14,7.7
90,Itatskiy,RU,2021-11-07 19:43:22,56.07,89.0369,30.18,66,100,18.59
91,Constitucion,CL,2021-11-07 19:43:22,-35.3333,-72.4167,63.57,61,12,19.22
92,Zlobin,HR,2021-11-07 19:44:22,45.2924,14.6541,50.68,89,20,2.3
93,Nikolskoye,RU,2021-11-07 19:44:23,59.7035,30.7861,38.88,97,100,8.03
94,Nortelandia,BR,2021-11-07 19:44:23,-14.4547,-56.8028,83.79,59,99,3.56
95,Barrow,US,2021-11-07 19:40:01,71.2906,-156.7887,26.62,74,90,13.8
96,Cape Town,ZA,2021-11-07 19:41:00,-33.9258,18.4232,62.11,69,20,3.0
97,Yanam,IN,2021-11-07 19:44:23,16.7333,82.2167,77.4,76,89,5.03
98,Flin Flon,CA,2021-11-07 19:44:05,54.7682,-101.865,35.44,87,90,9.22
99,Isangel,VU,2021-11-07 19:39:59,-19.55,169.2667,71.71,83,36,0.0
100,Leningradskiy,RU,2021-11-07 19:42:48,69.3833,178.4167,3.45,85,60,6.17
101,Butaritari,KI,2021-11-07 19:40:17,3.0707,172.7902,81.54,72,98,13.67
102,Cabo San Lucas,MX,2021-11-07 19:44:24,22.8909,-109.9124,93.51,51,7,3.98
103,Pokhara,NP,2021-11-07 19:44:24,28.2333,83.9833,58.37,65,3,4.94
104,Stephenville,US,2021-11-07 19:44:24,32.2207,-98.2023,77.77,41,1,5.75
105,Otane,NZ,2021-11-07 19:44:24,-39.8833,176.6333,59.02,75,0,0.2
106,Jamsa,FI,2021-11-07 19:44:25,61.8642,25.19,34.14,82,100,9.62
107,Necochea,AR,2021-11-07 19:44:25,-38.5473,-58.7368,62.04,59,51,12.95
108,Ancud,CL,2021-11-07 19:44:25,-41.8697,-73.8203,62.13,93,100,6.8
109,Quatre Cocos,MU,2021-11-07 19:44:25,-20.2078,57.7625,77.11,83,59,13.24
110,Vavuniya,LK,2021-11-07 19:44:26,8.7514,80.4971,73.06,98,100,2.06
111,Ayan,RU,2021-11-07 19:44:26,56.45,138.1667,20.79,57,0,21.97
112,Lazaro Cardenas,MX,2021-11-07 19:44:26,17.9583,-102.2,84.02,72,100,6.78
113,Mar Del Plata,AR,2021-11-07 19:42:36,-38.0023,-57.5575,60.82,86,75,23.0
114,Puerto Cabezas,NI,2021-11-07 19:44:26,14.0351,-83.3888,84.16,84,75,6.91
115,Vila Velha,BR,2021-11-07 19:40:35,-20.3297,-40.2925,76.95,82,75,1.99
116,Cap-Aux-Meules,CA,2021-11-07 19:44:27,47.3821,-61.8597,48.25,71,20,14.97
117,Bredasdorp,ZA,2021-11-07 19:44:27,-34.5322,20.0403,58.32,67,100,3.44
118,Atuona,PF,2021-11-07 19:44:27,-9.8,-139.0333,77.79,78,2,15.03
119,Vaini,TO,2021-11-07 19:41:26,-21.2,-175.2,78.96,89,75,8.05
120,Big Bend,SZ,2021-11-07 19:44:27,-26.8167,31.9333,73.49,100,100,4.61
121,Finote Selam,ET,2021-11-07 19:44:28,10.7,37.2667,57.16,88,48,3.13
122,Poum,NC,2021-11-07 19:44:28,-20.2333,164.0167,75.11,77,94,11.25
123,Yellowknife,CA,2021-11-07 19:44:28,62.456,-114.3525,31.41,84,75,8.05
124,Boende,CD,2021-11-07 19:44:29,-0.2167,20.8667,71.74,96,98,1.45
125,Puerto Leguizamo,CO,2021-11-07 19:44:29,-0.1934,-74.7819,82.85,78,100,1.3
126,Progreso,MX,2021-11-07 19:44:29,21.2833,-89.6667,79.11,67,28,12.86
127,Burgersdorp,ZA,2021-11-07 19:44:29,-30.9977,26.3286,60.33,70,99,11.59
128,Catamarca,AR,2021-11-07 19:43:27,-28.4696,-65.7852,84.78,50,13,5.01
129,Ballina,AU,2021-11-07 19:44:30,-28.8667,153.5667,68.18,96,75,8.05
130,Pella,RU,2021-11-07 19:44:30,59.7775,30.8181,39.04,97,100,8.3
131,Carnarvon,AU,2021-11-07 19:44:30,-24.8667,113.6333,66.27,68,75,19.57
132,Ust-Maya,RU,2021-11-07 19:44:30,60.4167,134.5333,-10.88,100,73,1.45
133,Hermanus,ZA,2021-11-07 19:44:31,-34.4187,19.2345,59.9,63,100,6.82
134,Ous,RU,2021-11-07 19:44:31,60.9058,61.5186,34.63,94,100,6.67
135,Millington,US,2021-11-07 19:44:31,35.3415,-89.8973,68.11,49,1,0.0
136,Bengkulu,ID,2021-11-07 19:44:31,-3.8004,102.2655,77.59,82,100,8.25
137,Ormara,PK,2021-11-07 19:44:32,25.2088,64.6357,78.39,49,0,9.91
138,Saint-Pierre,RE,2021-11-07 19:44:32,-21.3393,55.4781,74.88,80,0,11.5
139,Bandarbeyla,SO,2021-11-07 19:45:32,9.4942,50.8122,78.33,71,10,12.62
140,Vardo,NO,2021-11-07 19:45:33,70.3705,31.1107,30.18,64,75,17.27
141,Hurezani,RO,2021-11-07 19:45:33,44.8,23.65,50.36,85,29,2.55
142,Yima,CN,2021-11-07 19:45:33,34.7381,111.8839,32.04,47,0,13.4
143,Kaseda,JP,2021-11-07 19:45:33,31.4167,130.3167,64.85,83,85,8.79
144,Chuy,UY,2021-11-07 19:45:34,-33.6971,-53.4616,63.52,62,20,8.84
145,Tezu,IN,2021-11-07 19:45:34,27.9167,96.1667,63.18,41,71,4.43
146,Srednekolymsk,RU,2021-11-07 19:45:34,67.45,153.6833,4.41,96,100,12.55
147,Pyshchug,RU,2021-11-07 19:45:34,58.8873,45.7134,32.63,84,65,6.44
148,Georgetown,MY,2021-11-07 19:45:35,5.4112,100.3354,76.98,95,40,1.99
149,Mandurah,AU,2021-11-07 19:43:52,-32.55,115.7,59.22,65,100,11.81
150,Taoudenni,ML,2021-11-07 19:45:35,22.6783,-3.9836,78.91,18,0,11.86
151,Kosh-Agach,RU,2021-11-07 19:45:35,50.0,88.6667,7.21,75,0,1.54
152,Puerto Ayora,EC,2021-11-07 19:45:35,-0.7393,-90.3518,73.36,74,67,10.67
153,The Valley,AI,2021-11-07 19:45:36,18.217,-63.0578,84.34,65,20,11.5
154,East London,ZA,2021-11-07 19:45:36,-33.0153,27.9116,66.0,88,100,2.93
155,Millerovo,RU,2021-11-07 19:45:36,48.9226,40.3967,43.25,71,93,5.99
156,Mizoch,UA,2021-11-07 19:45:36,50.4,26.15,44.24,85,100,10.49
157,Yulara,AU,2021-11-07 19:45:37,-25.2406,130.9889,67.84,77,75,8.05
158,Puerto Carreno,CO,2021-11-07 19:45:37,6.189,-67.4859,92.91,46,100,8.25
159,Lorengau,PG,2021-11-07 19:41:38,-2.0226,147.2712,80.96,78,36,8.93
160,Mareeba,AU,2021-11-07 19:45:37,-17.0,145.4333,71.44,95,69,2.37
161,Ndele,CF,2021-11-07 19:45:38,8.4109,20.6473,78.8,54,100,0.63
162,Redlands,US,2021-11-07 19:45:38,34.0556,-117.1825,83.93,41,1,3.0
163,Belyy Yar,RU,2021-11-07 19:45:38,53.6039,91.3903,35.49,55,0,11.18
164,Airai,TL,2021-11-07 19:45:38,-8.9266,125.4092,63.41,92,76,0.54
165,Caluquembe,AO,2021-11-07 19:45:39,-13.7833,14.6833,63.46,80,100,2.98
166,San Rafael Del Sur,NI,2021-11-07 19:45:39,11.8485,-86.4384,88.77,64,86,7.27
167,Mount Gambier,AU,2021-11-07 19:45:39,-37.8333,140.7667,48.11,81,90,4.61
168,Iqaluit,CA,2021-11-07 19:45:39,63.7506,-68.5145,15.53,72,1,15.99
169,Avera,US,2021-11-07 19:45:40,33.194,-82.5271,68.76,28,0,12.21
170,Zhigansk,RU,2021-11-07 19:45:40,66.7697,123.3711,5.23,94,100,23.87
171,Banikoara,BJ,2021-11-07 19:45:40,11.2985,2.4386,81.16,18,9,5.64
172,Luganville,VU,2021-11-07 19:45:40,-15.5333,167.1667,79.72,83,33,6.53
173,Khatanga,RU,2021-11-07 19:45:41,71.9667,102.5,25.57,95,100,15.7
174,Port Shepstone,ZA,2021-11-07 19:45:41,-30.7414,30.455,68.81,85,57,1.25
175,Asau,RO,2021-11-07 19:45:41,46.4333,26.4,52.75,78,87,5.41
176,Namibe,AO,2021-11-07 19:45:42,-15.1961,12.1522,68.81,75,97,5.82
177,Harnosand,SE,2021-11-07 19:45:42,62.6323,17.9379,32.02,73,71,17.16
178,Port Keats,AU,2021-11-07 19:45:42,-14.25,129.55,82.36,73,100,3.67
179,Balkanabat,TM,2021-11-07 19:45:42,39.5108,54.3671,46.81,49,0,0.63
180,Cockburn Town,TC,2021-11-07 19:45:43,21.4612,-71.1419,84.16,70,75,6.91
181,Acapulco,MX,2021-11-07 19:43:30,16.8634,-99.8901,84.22,66,89,5.14
182,Sremcica,RS,2021-11-07 19:46:43,44.6765,20.3923,47.62,93,90,6.91
183,Sola,VU,2021-11-07 19:46:43,-13.8833,167.55,80.74,75,3,10.04
184,Oranjemund,NA,2021-11-07 19:46:43,-28.55,16.4333,60.24,80,100,12.37
185,La Baule-Escoublac,FR,2021-11-07 19:46:44,47.2922,-2.364,53.01,87,0,5.75
186,Opuwo,NA,2021-11-07 19:46:44,-18.0607,13.84,72.55,31,93,5.12
187,Bressanone,IT,2021-11-07 19:46:44,46.715,11.656,47.73,90,93,2.91
188,Yeppoon,AU,2021-11-07 19:46:45,-23.1333,150.7333,73.18,87,100,7.4
189,Rocha,UY,2021-11-07 19:46:45,-34.4833,-54.3333,64.0,61,5,8.88
190,Sechura,PE,2021-11-07 19:46:45,-5.5569,-80.8222,76.01,59,84,17.38
191,Sao Filipe,CV,2021-11-07 19:46:45,14.8961,-24.4956,78.93,74,34,7.07
192,Arraial Do Cabo,BR,2021-11-07 19:46:46,-22.9661,-42.0278,75.16,64,20,13.8
193,Ternate,ID,2021-11-07 19:46:46,0.8,127.4,81.0,82,88,5.44
194,Nizhneangarsk,RU,2021-11-07 19:46:46,55.7833,109.55,23.54,79,100,6.87
195,Baykit,RU,2021-11-07 19:46:46,61.67,96.37,29.79,90,100,10.09
196,Berdigestyakh,RU,2021-11-07 19:46:47,62.0989,126.6992,9.91,96,100,7.0
197,Mandalgovi,MN,2021-11-07 19:46:47,45.7625,106.2708,14.18,67,28,7.9
198,Nadym,RU,2021-11-07 19:46:47,65.5333,72.5167,33.08,98,100,18.52
199,Husavik,IS,2021-11-07 19:46:48,66.0449,-17.3389,31.91,91,100,6.17
200,Blackpool,GB,2021-11-07 19:42:01,53.8167,-3.05,51.89,71,40,18.41
201,Port Blair,IN,2021-11-07 19:46:48,11.6667,92.75,80.89,83,100,8.72
202,Upernavik,GL,2021-11-07 19:46:48,72.7868,-56.1549,14.49,89,95,13.47
203,Yar-Sale,RU,2021-11-07 19:46:48,66.8333,70.8333,22.68,94,100,11.7
204,Gizo,SB,2021-11-07 19:46:49,-8.103,156.8419,82.26,74,29,6.91
205,Tiksi,RU,2021-11-07 19:46:49,71.6872,128.8694,8.17,77,100,18.32
206,Geraldton,AU,2021-11-07 19:46:49,-28.7667,114.6,64.81,77,90,13.8
207,Te Anau,NZ,2021-11-07 19:46:48,-45.4167,167.7167,53.8,70,33,1.68
208,Mayo,US,2021-11-07 19:46:50,38.8876,-76.5119,60.08,52,1,1.01
209,Panjab,AF,2021-11-07 19:46:50,34.388,67.0233,35.89,73,72,4.41
210,Castro,BR,2021-11-07 19:46:50,-24.7911,-50.0119,69.93,84,53,6.49
211,Nikel,RU,2021-11-07 19:46:50,69.4128,30.222,23.18,97,69,4.25
212,San Ramon,US,2021-11-07 19:46:15,37.7799,-121.978,61.95,51,1,1.99
213,Hasaki,JP,2021-11-07 19:45:28,35.7333,140.8333,57.6,58,0,16.58
214,Calama,CL,2021-11-07 19:45:54,-22.4667,-68.9333,75.69,4,0,23.02
215,Kalmunai,LK,2021-11-07 19:46:51,7.4167,81.8167,76.77,88,100,4.25
216,Cidreira,BR,2021-11-07 19:46:51,-30.1811,-50.2056,65.97,63,5,8.48
217,Victoria,HK,2021-11-07 19:43:05,22.2855,114.1577,71.33,94,99,1.01
218,Vilhena,BR,2021-11-07 19:45:30,-12.7406,-60.1458,79.02,73,40,11.5
219,Uklana Mandi,IN,2021-11-07 19:46:51,29.5023,75.8849,68.76,28,0,5.66
220,Trinidad,BO,2021-11-07 19:46:52,-14.8333,-64.9,84.18,58,75,0.0
221,Padang,ID,2021-11-07 19:46:52,-0.9492,100.3543,76.21,88,100,4.94
222,Fairbanks,US,2021-11-07 19:42:22,64.8378,-147.7164,24.76,92,90,0.0
223,Coquimbo,CL,2021-11-07 19:47:52,-29.9533,-71.3436,62.33,67,20,14.97
224,Mahebourg,MU,2021-11-07 19:47:52,-20.4081,57.7,77.29,78,40,9.22
225,Kidal,ML,2021-11-07 19:47:53,18.4411,1.4078,86.22,14,9,3.67
226,Bakchar,RU,2021-11-07 19:47:53,57.0186,82.0711,30.49,69,94,12.44
227,Guerrero Negro,MX,2021-11-07 19:46:21,27.9769,-114.0611,73.98,56,75,10.36
228,Chernyshevskiy,RU,2021-11-07 19:47:54,63.0128,112.4714,22.19,94,100,12.33
229,Puerto Ayacucho,VE,2021-11-07 19:47:54,5.6639,-67.6236,87.67,65,100,2.21
230,Lulea,SE,2021-11-07 19:47:54,65.5842,22.1547,23.07,86,0,9.22
231,Hofn,IS,2021-11-07 19:47:54,64.2539,-15.2082,35.91,76,100,9.73
232,Dingle,PH,2021-11-07 19:47:55,10.9995,122.6711,77.29,92,73,7.85
233,Baishishan,CN,2021-11-07 19:47:55,43.5833,127.5667,36.36,91,100,9.84
234,Caravelas,BR,2021-11-07 19:47:55,-17.7125,-39.2481,76.53,70,100,6.93
235,Port Macquarie,AU,2021-11-07 19:47:55,-31.4333,152.9167,66.09,94,90,4.61
236,Nantucket,US,2021-11-07 19:46:28,41.2835,-70.0995,53.74,68,1,16.11
237,Amot,NO,2021-11-07 19:47:56,59.5714,7.9877,34.75,93,99,2.77
238,Saint-Joseph,RE,2021-11-07 19:47:56,-21.3667,55.6167,73.78,80,41,10.04
239,Paragominas,BR,2021-11-07 19:47:56,-2.9667,-47.4833,86.76,56,99,1.74
240,Puma,TZ,2021-11-07 19:47:57,-5.0,34.7333,70.61,34,100,8.19
241,Garmsar,IR,2021-11-07 19:47:57,35.2182,52.3409,52.45,70,34,4.16
242,Kaohsiung,TW,2021-11-07 19:47:57,22.6163,120.3133,78.04,85,40,2.3
243,Kudahuvadhoo,MV,2021-11-07 19:47:57,2.6708,72.8944,83.07,72,100,18.75
244,Malakal,SS,2021-11-07 19:47:58,9.5334,31.6605,80.71,52,33,2.06
245,Chippewa Falls,US,2021-11-07 19:44:35,44.9369,-91.3929,63.54,67,1,9.22
246,Westport,US,2021-11-07 19:47:58,41.1415,-73.3579,57.63,53,1,1.01
247,Vilcun,CL,2021-11-07 19:47:58,-38.65,-72.2333,63.34,43,20,6.64
248,Poronaysk,RU,2021-11-07 19:47:58,49.2167,143.1167,28.09,58,100,7.65
249,Beringovskiy,RU,2021-11-07 19:47:59,63.05,179.3167,13.05,88,14,4.92
250,Mutoko,ZW,2021-11-07 19:47:59,-17.397,32.2268,72.09,24,1,5.26
251,Barentu,ER,2021-11-07 19:47:59,15.1139,37.5928,79.63,31,43,3.85
252,Esperance,AU,2021-11-07 19:48:00,-33.8667,121.9,51.64,76,87,6.82
253,Los Llanos De Aridane,ES,2021-11-07 19:48:00,28.6585,-17.9182,64.15,66,75,8.99
254,Itarema,BR,2021-11-07 19:48:00,-2.9248,-39.9167,82.4,70,88,14.79
255,Muroto,JP,2021-11-07 19:48:00,33.2833,134.15,70.75,68,96,23.89
256,Sept-Iles,CA,2021-11-07 19:48:01,50.2001,-66.3821,47.05,83,90,4.0
257,Ellensburg,US,2021-11-07 19:48:01,46.9965,-120.5479,48.58,73,20,4.0
258,Gweta,BW,2021-11-07 19:48:02,-20.1833,25.2333,86.56,27,80,0.2
259,Sokolo,ML,2021-11-07 19:48:02,14.7328,-6.1219,92.12,18,14,7.38
260,Klaksvik,FO,2021-11-07 19:48:03,62.2266,-6.589,41.92,70,100,9.93
261,Turukhansk,RU,2021-11-07 19:48:03,65.8167,87.9833,32.59,98,100,17.72
262,Port-Cartier,CA,2021-11-07 19:47:06,50.0334,-66.8654,46.74,73,100,7.72
263,Perelyub,RU,2021-11-07 19:48:04,51.8667,50.3667,38.28,87,100,5.79
264,Faanui,PF,2021-11-07 19:48:04,-16.4833,-151.75,79.66,72,17,6.69
265,Monticello,US,2021-11-07 19:48:04,45.3055,-93.7941,60.94,71,1,8.05
266,Deputatskiy,RU,2021-11-07 19:44:00,69.3,139.9,-20.25,86,2,4.21
267,Develi,TR,2021-11-07 19:48:05,38.3906,35.4922,40.35,43,100,2.53
268,Quba,AZ,2021-11-07 19:48:05,41.3626,48.5152,48.51,54,100,4.41
269,Berlevag,NO,2021-11-07 19:49:05,70.8578,29.0864,28.4,86,75,20.71
270,Takoradi,GH,2021-11-07 19:49:05,4.8845,-1.7554,79.74,82,83,8.32
271,Zabaykalsk,RU,2021-11-07 19:49:06,49.6333,117.3167,15.51,74,3,5.57
272,Ramhormoz,IR,2021-11-07 19:49:06,31.28,49.6035,72.03,47,96,6.35
273,Iwanai,JP,2021-11-07 19:49:06,42.9744,140.5089,40.95,91,100,5.14
274,Victoria Point,AU,2021-11-07 19:49:06,-27.5833,153.3,71.15,96,100,5.01
275,Ngunguru,NZ,2021-11-07 19:49:07,-35.6167,174.5,61.16,76,4,3.2
276,Grenaa,DK,2021-11-07 19:49:07,56.4158,10.8783,43.84,96,30,13.69
277,Brae,GB,2021-11-07 19:49:07,60.3964,-1.353,44.51,69,100,13.31
278,Hobyo,SO,2021-11-07 19:49:07,5.3505,48.5268,80.04,67,98,9.86
279,Aklavik,CA,2021-11-07 19:48:04,68.2191,-135.0107,9.43,92,90,3.44
280,Fort Saint James,CA,2021-11-07 19:49:08,54.4333,-124.25,35.08,58,48,5.06
281,Longyearbyen,SJ,2021-11-07 19:49:08,78.2186,15.6401,15.64,57,75,10.36
282,Rio Gallegos,AR,2021-11-07 19:49:08,-51.6226,-69.2181,60.85,23,40,29.93
283,Katobu,ID,2021-11-07 19:49:09,-4.9408,122.5276,75.97,93,61,2.24
284,Vila,PT,2021-11-07 19:49:09,42.0304,-8.1588,47.32,79,73,4.59
285,Kundiawa,PG,2021-11-07 19:49:09,-6.0167,144.9667,58.14,81,96,3.42
286,Pevek,RU,2021-11-07 19:49:10,69.7008,170.3133,1.27,93,80,3.65
287,Riyadh,SA,2021-11-07 19:48:24,24.6877,46.7219,69.94,29,0,8.46
288,Olafsvik,IS,2021-11-07 19:49:10,64.8945,-23.7142,33.71,80,100,20.83
289,Lagoa,PT,2021-11-07 19:49:10,39.05,-27.9833,68.63,82,3,28.05
290,Bathsheba,BB,2021-11-07 19:49:10,13.2167,-59.5167,86.61,66,40,18.41
291,Maningrida,AU,2021-11-07 19:49:11,-12.0667,134.2667,80.71,74,56,3.2
292,Kutum,SD,2021-11-07 19:46:26,14.2,24.6667,74.39,18,3,10.96
293,Nanortalik,GL,2021-11-07 19:49:11,60.1432,-45.2371,29.95,71,100,13.69
294,Tiznit,MA,2021-11-07 19:49:11,29.5833,-9.5,56.93,52,0,3.0
295,Dekar,BW,2021-11-07 19:49:12,-21.5333,21.9333,77.23,45,100,15.77
296,Chicama,PE,2021-11-07 19:49:12,-7.8447,-79.1469,63.14,67,84,10.94
297,Vadso,NO,2021-11-07 19:49:12,70.0744,29.7487,30.15,86,75,10.36
298,Zorgo,BF,2021-11-07 19:49:13,12.2489,-0.6158,86.63,19,6,4.74
299,Varnsdorf,CZ,2021-11-07 19:49:13,50.9115,14.6182,45.57,84,91,12.95
300,Muhos,FI,2021-11-07 19:49:13,64.808,25.9931,26.71,80,11,6.64
301,Ulaangom,MN,2021-11-07 19:49:13,49.9811,92.0667,11.75,76,2,2.93
302,Christchurch,NZ,2021-11-07 19:48:26,-43.5333,172.6333,59.02,87,90,1.99
303,Uvarovo,RU,2021-11-07 19:49:14,51.9849,42.2615,44.58,75,92,7.34
304,Fukue,JP,2021-11-07 19:49:14,32.6881,128.8419,70.25,65,100,17.4
305,Horki,BY,2021-11-07 19:49:14,54.2861,30.9842,41.77,73,100,15.95
306,Binzhou,CN,2021-11-07 19:49:15,37.3667,118.0167,21.33,90,6,11.34
307,Cayenne,GF,2021-11-07 19:49:15,4.9333,-52.3333,86.04,80,40,5.99
308,Riverton,US,2021-11-07 19:48:09,40.5219,-111.9391,61.79,61,1,5.01
309,Port Arthur,CN,2021-11-07 19:49:15,38.8,121.2667,32.22,91,100,32.44
310,Voi,KE,2021-11-07 19:49:15,-3.3945,38.563,72.05,80,95,10.02
311,Angoche,MZ,2021-11-07 19:49:16,-16.2325,39.9086,75.6,90,0,9.22
312,Sumbe,AO,2021-11-07 19:49:16,-11.2061,13.8437,75.49,84,75,7.23
313,Capaci,IT,2021-11-07 19:50:16,38.1711,13.2393,69.4,89,20,9.22
314,Oktyabrskoye,RU,2021-11-07 19:50:17,43.0645,44.7417,48.34,93,6,2.24
315,Simao,CN,2021-11-07 19:50:17,22.7886,100.9748,60.04,82,18,2.28
316,Yerbogachen,RU,2021-11-07 19:50:17,61.2767,108.0108,25.79,95,100,12.19
317,Hauzenberg,DE,2021-11-07 19:50:17,48.65,13.6333,41.22,96,100,3.44
318,Lompoc,US,2021-11-07 19:50:18,34.6391,-120.4579,73.85,54,1,11.5
319,Albert Lea,US,2021-11-07 19:50:18,43.648,-93.3683,63.95,59,1,10.36
320,Leshukonskoye,RU,2021-11-07 19:50:18,64.8989,45.7622,26.83,90,95,6.67
321,Ust-Koksa,RU,2021-11-07 19:50:18,50.2696,85.6108,9.1,88,22,1.21
322,Margate,GB,2021-11-07 19:50:19,51.3813,1.3862,48.69,69,56,1.01
323,Ust-Omchug,RU,2021-11-07 19:50:19,61.15,149.6333,-0.9,99,98,3.15
324,Soe,ID,2021-11-07 19:50:19,-9.8607,124.284,68.45,88,68,2.95
325,Port Augusta,AU,2021-11-07 19:48:50,-32.5,137.7667,51.94,72,76,10.51
326,Sambava,MG,2021-11-07 19:50:20,-14.2667,50.1667,74.88,89,79,10.8
327,Teeli,RU,2021-11-07 19:50:20,51.0333,90.2333,13.24,72,1,0.65
328,Port Hardy,CA,2021-11-07 19:48:08,50.6996,-127.4199,41.0,93,90,3.44
329,Sovetskiy,RU,2021-11-07 19:50:20,61.3614,63.5842,33.49,96,100,7.54
330,Sao Gabriel Da Cachoeira,BR,2021-11-07 19:50:21,-0.1303,-67.0892,78.6,89,40,2.3
331,Rudbar,AF,2021-11-07 19:50:21,30.15,62.6,56.32,24,3,3.98
332,Verin,ES,2021-11-07 19:50:21,41.9415,-7.4381,50.56,86,33,1.66
333,Vanimo,PG,2021-11-07 19:50:21,-2.6741,141.3028,77.38,89,14,4.32
334,Methala,IN,2021-11-07 19:50:22,10.2166,76.2166,77.0,90,99,2.26
335,Flinders,AU,2021-11-07 19:50:22,-34.5833,150.8552,65.17,92,100,1.01
336,Sao Geraldo Do Araguaia,BR,2021-11-07 19:46:27,-6.4006,-48.555,82.63,64,100,2.98
337,Tasiilaq,GL,2021-11-07 19:50:22,65.6145,-37.6368,18.32,77,100,10.38
338,Marystown,CA,2021-11-07 19:50:22,47.1666,-55.1483,47.86,100,3,5.99
339,Temeni,GR,2021-11-07 19:50:23,38.2333,22.1167,65.57,83,100,4.38
340,Anloga,GH,2021-11-07 19:48:47,5.7947,0.8973,79.02,79,65,10.63
341,Susanville,US,2021-11-07 19:50:23,40.4163,-120.653,46.81,56,1,0.0
342,Sinnamary,GF,2021-11-07 19:50:23,5.3833,-52.95,82.18,76,85,11.52
343,Pangnirtung,CA,2021-11-07 19:50:23,66.1451,-65.7125,21.2,58,20,5.75
344,Porto Novo,BJ,2021-11-07 19:50:24,6.4965,2.6036,76.82,87,100,6.73
345,Omboue,GA,2021-11-07 19:50:24,-1.5746,9.2618,77.36,89,100,4.7
346,Aromashevo,RU,2021-11-07 19:50:24,56.8602,68.6375,33.71,48,87,17.56
347,Turayf,SA,2021-11-07 19:50:24,31.6725,38.6637,59.25,44,0,8.05
348,Bosaso,SO,2021-11-07 19:48:28,11.2842,49.1816,77.99,60,5,5.35
349,Magnor,SE,2021-11-07 19:50:25,59.9511,12.1996,37.42,90,88,6.29
350,Kannangad,IN,2021-11-07 19:50:25,12.3081,75.1063,77.09,85,93,2.57
351,Tocopilla,CL,2021-11-07 19:50:25,-22.092,-70.1979,68.68,63,21,10.54
352,Inirida,CO,2021-11-07 19:50:26,3.8653,-67.9239,85.05,73,100,0.98
353,Tucuma,BR,2021-11-07 19:50:26,-0.1833,-50.05,85.26,68,45,8.03
354,Sanmenxia,CN,2021-11-07 19:50:26,34.7747,111.1814,31.71,68,0,5.32
355,Birjand,IR,2021-11-07 19:50:26,32.8663,59.2211,41.47,70,20,4.61
356,Jumla,NP,2021-11-07 19:50:27,29.2747,82.1838,41.58,45,0,4.54
357,Dimona,IL,2021-11-07 19:50:27,31.0667,35.0333,68.77,26,0,6.11
358,Leca Da Palmeira,PT,2021-11-07 19:50:27,41.191,-8.7003,55.11,76,0,1.14
359,Zhob,PK,2021-11-07 19:50:27,31.3411,69.4481,58.15,34,3,1.54
360,Hwange,ZW,2021-11-07 19:51:28,-18.3693,26.5019,83.37,25,3,2.95
361,Goderich,CA,2021-11-07 19:51:28,43.7501,-81.7165,60.21,71,2,10.36
362,Clyde River,CA,2021-11-07 19:51:28,70.4692,-68.5914,16.03,86,90,20.71
363,Alenquer,BR,2021-11-07 19:51:28,-1.9417,-54.7383,86.34,49,69,1.9
364,Quelimane,MZ,2021-11-07 19:51:29,-17.8786,36.8883,76.95,88,0,3.0
365,Agadir,MA,2021-11-07 19:51:29,30.4202,-9.5982,63.05,44,0,2.95
366,Pathein,MM,2021-11-07 19:51:29,16.7833,94.7333,75.0,90,95,4.72
367,Mandera,KE,2021-11-07 19:51:29,3.9366,41.867,86.43,47,50,11.5
368,Libertador General San Martin,AR,2021-11-07 19:51:30,-23.8064,-64.7876,76.98,39,57,8.59
369,Berezovyy,RU,2021-11-07 19:51:30,51.6667,135.7,14.18,78,17,3.29
370,Nabire,ID,2021-11-07 19:51:30,-3.3667,135.4833,75.58,91,61,3.09
371,Lang Son,VN,2021-11-07 19:51:30,21.8333,106.7333,56.44,81,100,17.65
372,Inhambane,MZ,2021-11-07 19:51:31,-23.865,35.3833,75.29,80,9,11.45
373,Mantua,IT,2021-11-07 19:51:31,45.1667,10.7833,51.82,86,27,2.08
374,Kodinsk,RU,2021-11-07 19:51:31,58.6881,99.1844,31.48,96,100,12.3
375,Broken Hill,AU,2021-11-07 19:51:31,-31.95,141.4333,58.71,63,90,17.27
376,Sayat,TM,2021-11-07 19:51:32,38.7839,63.8803,35.47,29,100,5.99
377,Laguna,US,2021-11-07 19:51:32,38.421,-121.4238,64.35,51,1,4.0
378,Manzhouli,CN,2021-11-07 19:51:32,49.6,117.4333,16.95,68,2,5.86
379,Cap Malheureux,MU,2021-11-07 19:51:32,-19.9842,57.6142,77.49,76,13,5.99
380,Evinayong,GQ,2021-11-07 19:51:33,1.4368,10.5512,68.94,99,100,2.06
381,Kahului,US,2021-11-07 19:47:34,20.8947,-156.47,80.96,74,20,13.8
382,Wilmington,US,2021-11-07 19:48:16,34.2257,-77.9447,60.85,63,20,18.41
383,Atlantic City,US,2021-11-07 19:49:18,39.3643,-74.4229,55.44,58,100,16.02
384,Sayyan,YE,2021-11-07 19:51:33,15.1718,44.3244,54.75,27,5,3.71
385,Puerto Del Rosario,ES,2021-11-07 19:51:01,28.5004,-13.8627,67.75,64,20,25.32
386,Haines Junction,CA,2021-11-07 19:51:33,60.7522,-137.5108,10.35,85,84,0.0
387,Narsaq,GL,2021-11-07 19:51:34,60.9167,-46.05,24.84,75,100,3.38
388,Luderitz,NA,2021-11-07 19:51:34,-26.6481,15.1594,59.68,78,100,17.18
389,Zapolyarnyy,RU,2021-11-07 19:51:34,69.4154,30.8136,22.28,96,78,5.35
390,Soledade,BR,2021-11-07 19:51:34,-28.8183,-52.5103,69.57,63,72,6.85
391,Charlestown,AU,2021-11-07 19:51:35,-32.95,151.6667,65.21,97,100,1.01
392,Saint Anthony,US,2021-11-07 19:51:35,45.0205,-93.218,63.14,69,1,9.22
393,Naze,JP,2021-11-07 19:51:35,28.3667,129.4833,69.85,64,80,7.16
394,Itapirapua,BR,2021-11-07 19:51:35,-15.8233,-50.6133,89.76,50,93,2.24
395,Udachnyy,RU,2021-11-07 19:51:36,66.4167,112.4,19.92,86,100,17.13
396,Ossora,RU,2021-11-07 19:51:36,59.2353,163.0719,29.88,98,100,2.86
397,Birobidzhan,RU,2021-11-07 19:51:36,48.8,132.95,18.7,72,100,2.51
398,Sonoita,MX,2021-11-07 19:51:36,31.85,-112.8333,85.53,15,97,11.39
399,Concepcion,CL,2021-11-07 19:51:37,-36.827,-73.0498,66.0,59,0,17.27
400,Port Lincoln,AU,2021-11-07 19:50:59,-34.7333,135.8667,51.82,69,9,2.46
401,Jawhar,SO,2021-11-07 19:51:37,2.7809,45.5005,76.44,78,72,8.23
402,Jizan,SA,2021-11-07 19:51:37,17.3333,42.6667,85.14,61,0,4.47
403,Bukachacha,RU,2021-11-07 19:51:37,52.9833,116.9167,8.92,85,4,2.24
404,Karpathos,GR,2021-11-07 19:51:38,35.507,27.2132,66.16,88,53,8.05
405,Iralaya,HN,2021-11-07 19:52:38,15.0,-83.2333,82.49,87,100,13.96
406,Muli,MV,2021-11-07 19:52:38,2.9167,73.5667,82.06,76,100,18.03
407,Warragul,AU,2021-11-07 19:52:39,-38.1667,145.9333,53.28,88,100,1.01
408,Nadvoitsy,RU,2021-11-07 19:52:39,63.8667,34.3167,32.72,90,100,9.01
409,Kirkwall,GB,2021-11-07 19:52:39,58.9848,-2.9587,48.25,84,75,11.5
410,Natal,BR,2021-11-07 19:52:39,-5.795,-35.2094,86.65,66,40,13.8
411,Jalu,LY,2021-11-07 19:52:40,29.0331,21.5482,70.59,41,0,7.09
412,Manga,BF,2021-11-07 19:52:40,11.6636,-1.0731,87.62,22,24,6.62
413,Souillac,MU,2021-11-07 19:52:40,-20.5167,57.5167,77.38,78,40,9.22
414,Kenora,CA,2021-11-07 19:52:40,49.8167,-94.4337,58.39,47,20,3.44
415,Teya,RU,2021-11-07 19:52:41,60.3778,92.6267,30.16,87,100,13.62
416,Sao Tome,ST,2021-11-07 19:52:41,0.3365,6.7273,79.57,82,96,7.76
417,Igarka,RU,2021-11-07 19:52:41,67.4667,86.5833,33.03,98,100,13.2
418,Zvishavane,ZW,2021-11-07 19:52:41,-20.3267,30.0665,80.87,30,0,4.7
419,Umm Kaddadah,SD,2021-11-07 19:52:42,13.6017,26.6876,84.61,20,10,10.85
420,Kununurra,AU,2021-11-07 19:52:42,-15.7667,128.7333,80.58,94,97,0.0
421,Murgab,TM,2021-11-07 19:52:42,37.4966,61.9714,42.67,61,90,4.61
422,Northam,GB,2021-11-07 19:52:42,51.0333,-4.2167,51.62,74,76,8.88
423,Hurghada,EG,2021-11-07 19:52:43,27.2574,33.8129,75.24,53,0,0.0
424,Meulaboh,ID,2021-11-07 19:52:43,4.1363,96.1285,76.26,94,100,7.56
425,Samarai,PG,2021-11-07 19:52:43,-10.6167,150.6667,82.35,79,8,13.85
426,Gornopravdinsk,RU,2021-11-07 19:52:43,60.05,69.9,33.73,98,100,9.69
427,College,US,2021-11-07 19:52:44,64.8569,-147.8028,24.46,93,90,0.0
428,Gambiran,ID,2021-11-07 19:52:44,-6.7988,111.4951,77.92,86,100,2.84
429,Sao Joao Da Barra,BR,2021-11-07 19:52:44,-21.6403,-41.0511,77.09,70,57,12.44
430,Talnakh,RU,2021-11-07 19:52:44,69.4865,88.3972,25.88,97,100,6.33
431,Mabaruma,GY,2021-11-07 19:52:45,8.2,-59.7833,76.68,94,100,3.89
432,Scarborough,GB,2021-11-07 19:52:45,54.2797,-0.4044,45.84,81,94,1.99
433,Hambantota,LK,2021-11-07 19:52:45,6.1241,81.1185,76.75,87,100,14.83
434,Chapais,CA,2021-11-07 19:52:45,49.7834,-74.8492,38.98,91,100,6.76
435,Elat,IL,2021-11-07 19:52:27,29.5581,34.9482,76.84,41,0,10.36
436,Lyubim,RU,2021-11-07 19:52:46,58.3625,40.6843,35.87,86,100,5.75
437,Salinopolis,BR,2021-11-07 19:52:46,-0.6136,-47.3561,82.83,74,96,8.03
438,Kalabo,ZM,2021-11-07 19:52:46,-14.97,22.6814,81.9,21,12,1.57
439,Paamiut,GL,2021-11-07 19:52:47,61.994,-49.6678,19.38,65,0,6.91
440,Zhezkazgan,KZ,2021-11-07 19:52:47,47.8043,67.7144,32.16,18,0,7.72
441,Qasigiannguit,GL,2021-11-07 19:52:47,68.8193,-51.1922,7.07,77,97,6.51
442,Shetpe,KZ,2021-11-07 19:52:47,44.1667,52.1167,40.14,22,100,7.49
443,North Platte,US,2021-11-07 19:52:48,41.1239,-100.7654,78.39,24,1,3.0
444,San Quintin,MX,2021-11-07 19:51:32,30.4833,-115.95,68.25,67,100,10.31
445,Ust-Tsilma,RU,2021-11-07 19:52:48,65.441,52.1498,27.39,88,100,6.13
446,Le Pradet,FR,2021-11-07 19:52:48,43.1066,6.0172,55.63,82,0,6.91
447,Harrisonburg,US,2021-11-07 19:50:00,38.4496,-78.8689,60.69,40,1,3.44
448,Plover,US,2021-11-07 19:52:49,44.4564,-89.544,66.31,39,1,7.0
449,Didi Lilo,GE,2021-11-07 19:52:49,41.7361,44.9647,49.78,76,0,8.05
450,Roma,US,2021-11-07 19:52:49,43.2128,-75.4557,60.66,39,1,4.61
451,Kamenka,RU,2021-11-07 19:53:49,51.3223,42.7678,39.79,91,19,6.73
452,Mercedes,AR,2021-11-07 19:53:50,-34.6515,-59.4307,80.19,29,92,7.31
453,Rosarito,MX,2021-11-07 19:53:50,32.3333,-117.0333,78.67,66,83,7.96
454,Talcahuano,CL,2021-11-07 19:50:15,-36.7167,-73.1167,65.88,59,0,17.27
455,Da Lat,VN,2021-11-07 19:53:50,11.9465,108.4419,60.98,98,100,2.98
456,Mehamn,NO,2021-11-07 19:53:50,71.0357,27.8492,28.31,69,100,13.2
457,Waipawa,NZ,2021-11-07 19:53:51,-41.4122,175.5153,58.3,69,3,0.89
458,Wladyslawowo,PL,2021-11-07 19:53:51,54.7909,18.4009,45.95,84,31,18.19
459,Levelland,US,2021-11-07 19:53:51,33.5873,-102.378,78.19,14,0,15.08
460,Kieta,PG,2021-11-07 19:53:51,-6.2167,155.6333,80.71,75,38,3.47
461,High Rock,BS,2021-11-07 19:53:52,26.6208,-78.2833,68.02,80,100,20.07
462,Gat,IL,2021-11-07 19:53:52,31.61,34.7642,75.4,34,0,4.03
463,Half Moon Bay,US,2021-11-07 19:53:52,37.4636,-122.4286,63.48,54,40,5.01
464,Amuntai,ID,2021-11-07 19:53:53,-2.4177,115.2494,73.74,99,100,1.07
465,Huntsville,US,2021-11-07 19:51:00,34.7304,-86.5861,67.44,39,1,1.99
466,Severnoye,RU,2021-11-07 19:53:53,56.3491,78.3619,28.35,71,99,14.45
467,Pontes E Lacerda,BR,2021-11-07 19:50:48,-15.2261,-59.3353,77.54,69,99,2.35
468,Okhotsk,RU,2021-11-07 19:53:53,59.3833,143.3,9.23,74,96,25.97
469,Macusani,PE,2021-11-07 19:53:53,-14.0833,-70.4333,47.68,61,100,3.04
470,Kozluk,TR,2021-11-07 19:53:54,38.1938,41.4885,44.85,34,4,5.1
471,Marsh Harbour,BS,2021-11-07 19:53:54,26.5412,-77.0636,73.2,75,99,21.23
472,Tessalit,ML,2021-11-07 19:53:54,20.1986,1.0114,85.01,16,35,6.69
473,Dickinson,US,2021-11-07 19:53:54,29.4608,-95.0513,75.22,59,0,1.01
474,Serra Talhada,BR,2021-11-07 19:53:55,-7.9919,-38.2983,88.77,38,96,2.93
475,Mul,IN,2021-11-07 19:53:55,20.0667,79.6667,62.8,61,35,4.54
476,Raglan,NZ,2021-11-07 19:53:55,-37.8,174.8833,61.09,79,25,3.71
477,Hirara,JP,2021-11-07 19:53:55,24.8,125.2833,78.08,71,96,13.18
478,Temiscaming,CA,2021-11-07 19:49:42,46.7212,-79.0971,55.67,76,100,2.3
479,Sisimiut,GL,2021-11-07 19:53:56,66.9395,-53.6735,18.0,76,21,8.63
480,Salalah,OM,2021-11-07 19:53:56,17.0151,54.0924,76.44,65,7,1.95
481,Tura,IN,2021-11-07 19:53:56,25.5198,90.2201,61.66,86,4,4.09
482,Catia La Mar,VE,2021-11-07 19:53:57,10.6038,-67.0303,77.2,73,20,2.3
483,Shingu,JP,2021-11-07 19:53:57,33.7333,135.9833,66.0,79,7,17.58
484,Cam Ranh,VN,2021-11-07 19:53:57,11.9214,109.1591,76.96,94,20,2.3
485,Villa Carlos Paz,AR,2021-11-07 19:53:57,-31.4241,-64.4978,72.9,55,88,5.01
486,Morgan City,US,2021-11-07 19:53:58,29.6994,-91.2068,69.8,55,1,6.91
487,Harper,LR,2021-11-07 19:53:58,4.375,-7.7169,78.66,86,100,7.54
488,Nosy Varika,MG,2021-11-07 19:53:58,-20.5833,48.5333,73.44,91,42,6.11
489,La Paz,BO,2021-11-07 19:51:04,-16.5,-68.15,69.78,9,75,9.22
490,Vale,GE,2021-11-07 19:53:58,41.6156,42.8722,45.3,90,16,1.72
491,Zyryanka,RU,2021-11-07 19:53:59,65.75,150.85,5.04,94,100,16.11
492,Kruisfontein,ZA,2021-11-07 19:53:59,-34.0033,24.7314,57.88,85,100,3.06
493,Sorland,NO,2021-11-07 19:53:59,67.667,12.6934,40.86,63,44,17.58
494,Santos Dumont,BR,2021-11-07 19:54:00,-21.4567,-43.5525,81.57,85,94,5.14
495,Vostok,RU,2021-11-07 19:54:00,46.4856,135.8833,24.8,33,100,2.35
496,Lodja,CD,2021-11-07 19:55:00,-3.4833,23.4333,69.62,99,100,1.52
497,Kavaratti,IN,2021-11-07 19:55:00,10.5669,72.642,81.32,71,99,4.07
498,Mocuba,MZ,2021-11-07 19:55:01,-16.8392,36.9856,70.59,81,3,2.71
499,Massaguet,TD,2021-11-07 19:55:02,12.4755,15.4365,87.84,16,13,10.22
500,Carahue,CL,2021-11-07 19:55:02,-38.7,-73.1667,66.4,55,98,7.92
501,Challapata,BO,2021-11-07 19:55:03,-18.9,-66.7667,63.03,8,100,8.21
502,Bereda,ES,2021-11-07 19:55:03,43.2686,-7.5406,51.55,96,100,3.31
503,Tamiahua,MX,2021-11-07 19:55:04,21.2667,-97.45,78.46,67,78,8.61
504,Garowe,SO,2021-11-07 19:55:05,8.4054,48.4845,71.94,66,49,12.26
505,Antofagasta,CL,2021-11-07 19:50:43,-23.65,-70.4,63.68,67,20,10.96
506,Xining,CN,2021-11-07 19:55:06,36.6167,101.7667,16.52,66,0,2.57
507,Manitouwadge,CA,2021-11-07 19:55:06,49.1215,-85.8403,50.72,73,100,5.55
508,Romny,UA,2021-11-07 19:55:07,50.751,33.4747,44.78,74,100,10.4
509,Okakarara,NA,2021-11-07 19:55:07,-20.5833,17.4333,80.44,20,100,7.94
510,Salinas,US,2021-11-07 19:55:07,36.6777,-121.6555,64.81,55,68,5.44
511,Manaure,CO,2021-11-07 19:55:08,11.7751,-72.4445,89.6,53,43,16.24
512,El Tigre,VE,2021-11-07 19:55:08,8.8875,-64.2454,89.8,43,100,13.51
513,Holice,CZ,2021-11-07 19:55:08,50.066,15.9859,45.82,89,90,3.0
514,Trairi,BR,2021-11-07 19:54:30,-3.2778,-39.2689,82.04,73,53,12.55
515,Estelle,US,2021-11-07 19:55:08,29.8458,-90.1067,71.04,49,1,3.0
516,Kango,GA,2021-11-07 19:55:09,0.1943,10.0951,74.25,99,100,0.54
517,Dunedin,NZ,2021-11-07 19:55:09,-45.8742,170.5036,59.81,63,82,4.0
518,Whitehorse,CA,2021-11-07 19:54:40,60.7161,-135.0538,16.57,92,75,2.3
519,Umm Lajj,SA,2021-11-07 19:55:09,25.0213,37.2685,78.66,60,0,6.13
520,Chokurdakh,RU,2021-11-07 19:55:09,70.6333,147.9167,-12.48,95,100,6.55
521,Banda Aceh,ID,2021-11-07 19:52:46,5.5577,95.3222,78.21,82,100,4.97
522,Karratha,AU,2021-11-07 19:55:10,-20.7377,116.8463,72.25,63,4,14.52
523,Mattersburg,AT,2021-11-07 19:55:10,47.7333,16.4,48.47,73,91,2.98
524,Coos Bay,US,2021-11-07 19:55:10,43.3665,-124.2179,54.86,90,1,13.8
525,Poole,GB,2021-11-07 19:55:11,50.7167,-2.0,49.05,85,0,4.0
526,Coihaique,CL,2021-11-07 19:54:58,-45.5752,-72.0662,63.21,55,75,6.91
527,Baiquan,CN,2021-11-07 19:55:11,47.5833,126.0833,24.1,57,100,10.94
528,Pengcheng,CN,2021-11-07 19:55:11,36.4311,114.17,33.78,46,0,11.97
529,Miles City,US,2021-11-07 19:51:29,46.4083,-105.8406,50.5,57,90,11.5
530,Lavrentiya,RU,2021-11-07 19:55:11,65.5833,-171.0,6.96,94,18,7.58
531,Kaitangata,NZ,2021-11-07 19:55:12,-46.2817,169.8464,55.24,82,85,2.44
532,Hamilton,US,2021-11-07 19:50:27,39.1834,-84.5333,64.94,41,1,1.01
533,Grindavik,IS,2021-11-07 19:55:12,63.8424,-22.4338,37.87,81,90,12.66
534,Saldanha,ZA,2021-11-07 19:53:37,-33.0117,17.9442,60.85,72,95,21.9
535,Bowen,AU,2021-11-07 19:55:12,-20.0167,148.2333,71.82,80,32,5.26
536,Zheshart,RU,2021-11-07 19:55:13,62.0731,49.5733,31.06,89,84,8.86
537,Pompeu,BR,2021-11-07 19:53:01,-19.2244,-44.9353,81.61,55,98,4.63
538,Anzio,IT,2021-11-07 19:54:31,41.4853,12.6179,67.69,84,9,10.42
539,Verkh-Usugli,RU,2021-11-07 19:55:13,52.7,115.1667,12.52,76,0,2.24
540,Sterling,US,2021-11-07 19:55:13,39.0062,-77.4286,59.38,48,1,1.01
541,Puri,IN,2021-11-07 19:55:13,19.8,85.85,66.72,63,77,8.32
542,Richards Bay,ZA,2021-11-07 19:55:14,-28.783,32.0377,70.5,94,100,2.89
543,Miri,MY,2021-11-07 19:55:14,4.4148,114.0089,75.34,100,40,3.44
544,West Wendover,US,2021-11-07 19:56:14,40.7391,-114.0733,48.83,56,100,5.5
545,Panzhihua,CN,2021-11-07 19:56:15,26.5851,101.7128,47.68,84,0,3.47
546,Mulege,MX,2021-11-07 19:56:15,26.8833,-111.9833,88.81,25,78,7.96
547,Evensk,RU,2021-11-07 19:56:15,61.95,159.2333,17.53,89,100,7.2
548,Raga,SS,2021-11-07 19:56:15,8.4596,25.678,79.05,57,96,4.16
549,San-Pedro,CI,2021-11-07 19:56:16,4.7485,-6.6363,78.66,87,37,7.81
550,Kirakira,SB,2021-11-07 19:56:16,-10.4544,161.9205,81.86,77,10,5.95
551,Kalush,UA,2021-11-07 19:56:16,49.0119,24.3731,40.44,89,40,0.69
552,Korem,ET,2021-11-07 19:56:16,12.5058,39.5228,55.24,47,35,3.0
553,Lebu,CL,2021-11-07 19:53:39,-37.6167,-73.65,57.51,76,13,14.43
554,Diego De Almagro,CL,2021-11-07 19:56:17,-26.3667,-70.05,79.88,13,0,12.33
555,Gombe,NG,2021-11-07 19:56:17,10.2897,11.1673,83.59,36,99,0.47
556,Lebanon,US,2021-11-07 19:54:20,36.2081,-86.2911,65.66,46,1,4.61
557,Misratah,LY,2021-11-07 19:56:17,32.3754,15.0925,75.24,63,36,15.03
558,Gigmoto,PH,2021-11-07 19:56:18,13.7796,124.39,79.92,89,100,8.86
559,Mount Isa,AU,2021-11-07 19:56:18,-20.7333,139.5,73.17,100,60,3.44
560,Male,MV,2021-11-07 19:56:18,4.1748,73.5089,84.15,79,75,19.57
561,Vestmannaeyjar,IS,2021-11-07 19:56:18,63.4427,-20.2734,40.91,85,100,30.4
562,Emerald,AU,2021-11-07 19:56:19,-23.5333,148.1667,71.74,100,90,0.0
